{
  "configId": "my_event",
  "documentIdField": "id",
  "persistEvent": true,
  "enableVisualization": true,
  "enabled": true,
  "dataDefinitions": {
    "elasticsearchIndexDefinition": {
      "properties": {
        "timestamp": {
          "type": "date"
        },
        "transactionId": {
          "type": "string"
        },
        "cardNumber": {
          "type": "string",
          "index": "not_analyzed"
        },
        "cardHolderNationality": {
          "type": "string",
          "index": "not_analyzed"
        },
        "userLocation": {
          "type": "geo_point"
        },
        "transactionLocation": {
          "type": "geo_point"
        },
        "transactionLocationRaw": {
          "type": "string"
        },
        "bank": {
          "type": "string",
          "index": "not_analyzed"
        },
        "amount": {
          "type": "long"
        },
        "custom__": {
          "type": "nested",
          "properties": {
            "highValueTransaction": {
              "type": "boolean"
            }
          }
        }
      }
    },
    "database": {
      "mongo": {
        "maxNumberOfDocsBatch": 10000,
        "maxBatchSizeInBytes": 214748364
      }
    }
  },
  "dataTransformation": {
    "dataTransformerHookClass": "com.sai.one.EventTransformer"
  },
  "notification": {
    "sql": {
      "ddl": "CREATE TABLE IF NOT EXISTS card_txns_1(transactionId VARCHAR(255) PRIMARY KEY, amount NUMBER)",
      "notificationChannelsAndQueries": {
        "transaction_amount_anomaly": "SELECT * FROM card_txns_1 WHERE amount > 20"
      }
    },
    "elasticsearch": {
      "notificationChannelsAndQueries": {
        "transaction_location_anomaly": {
          "query": {
            "bool": {
              "must": [
                {
                  "query": {
                    "filtered": {
                      "filter": {
                        "geo_distance": {
                          "distance": "1000km",
                          "distance_type": "plane",
                          "userLocation": {
                            "lat": 21.145800,
                            "lon": 79.088155
                          }
                        }
                      }
                    }
                  }
                },
                {
                  "query": {
                    "filtered": {
                      "filter": {
                        "geo_distance_range": {
                          "gte": "1000km",
                          "transactionLocation": {
                            "lat": 21.145800,
                            "lon": 79.088155
                          }
                        }
                      }
                    }
                  }
                }
              ]
            }
          }
        }
      }
    }
  }
}
